﻿pos_x,pos_y,rotation,side,designator,mpn,pack,value,mount_type,place
122.252,121.679,0.0,top,C1001,,CP_Radial_D18.0mm_P7.50mm,3300u/50V,tht,True
170.512,42.304,90.0,top,C101,,C_Rect_L4.0mm_W2.5mm_P2.50mm,0.1u,tht,True
109.592,37.224,0.0,top,C102,,C_Rect_L4.0mm_W2.5mm_P2.50mm,0.1u,tht,True
191.975,13.094,-90.0,top,C103,,C_Rect_L4.0mm_W2.5mm_P2.50mm,1u,tht,True
43.512,37.224,0.0,top,C104,,C_Rect_L4.0mm_W2.5mm_P2.50mm,0.1u,tht,True
104.472,42.304,90.0,top,C105,,C_Rect_L4.0mm_W2.5mm_P2.50mm,0.1u,tht,True
138.802,37.224,0.0,top,C106,,C_Rect_L4.0mm_W2.5mm_P2.50mm,0.1u,tht,True
72.762,37.224,0.0,top,C107,,C_Rect_L4.0mm_W2.5mm_P2.50mm,0.1u,tht,True
122.372,96.279,0.0,top,C1101,,CP_Radial_D18.0mm_P7.50mm,3300u/50V,tht,True
147.772,121.679,0.0,top,C1201,,CP_Radial_D18.0mm_P7.50mm,3300u/50V,tht,True
148.2126,96.279,0.0,top,C1301,,CP_Radial_D18.0mm_P7.50mm,3300u/50V,tht,True
173.172,121.679,0.0,top,C1401,,CP_Radial_D18.0mm_P7.50mm,3300u/50V,tht,True
173.172,96.279,0.0,top,C1501,,CP_Radial_D18.0mm_P7.50mm,3300u/50V,tht,True
198.572,121.679,0.0,top,C1601,,CP_Radial_D18.0mm_P7.50mm,3300u/50V,tht,True
198.572,96.279,0.0,top,C1701,,CP_Radial_D18.0mm_P7.50mm,3300u/50V,tht,True
20.772,121.679,0.0,top,C201,,CP_Radial_D18.0mm_P7.50mm,3300u/50V,tht,True
20.772,96.279,0.0,top,C301,,CP_Radial_D18.0mm_P7.50mm,3300u/50V,tht,True
45.9598,121.679,0.0,top,C401,,CP_Radial_D18.0mm_P7.50mm,3300u/50V,tht,True
46.172,96.279,0.0,top,C501,,CP_Radial_D18.0mm_P7.50mm,3300u/50V,tht,True
71.572,121.724,0.0,top,C601,,CP_Radial_D18.0mm_P7.50mm,3300u/50V,tht,True
71.572,96.279,0.0,top,C701,,CP_Radial_D18.0mm_P7.50mm,3300u/50V,tht,True
96.6164,121.6536,0.0,top,C801,,CP_Radial_D18.0mm_P7.50mm,3300u/50V,tht,True
96.845,96.2028,0.0,top,C901,,CP_Radial_D18.0mm_P7.50mm,3300u/50V,tht,True
120.977,159.779,0.0,top,D1001,,LED_D3.0mm,LED,tht,True
199.336,47.765,0.0,top,D101,,LED_D3.0mm,SPI Mode,tht,True
131.137,159.779,0.0,top,D1101,,LED_D3.0mm,LED,tht,True
141.297,159.779,0.0,top,D1201,,LED_D3.0mm,LED,tht,True
151.457,159.779,0.0,top,D1301,,LED_D3.0mm,LED,tht,True
171.777,159.779,0.0,top,D1401,,LED_D3.0mm,LED,tht,True
181.937,159.779,0.0,top,D1501,,LED_D3.0mm,LED,tht,True
192.097,159.779,0.0,top,D1601,,LED_D3.0mm,LED,tht,True
202.257,159.779,0.0,top,D1701,,LED_D3.0mm,LED,tht,True
19.377,159.779,0.0,top,D201,,LED_D3.0mm,LED,tht,True
29.542,159.779,0.0,top,D301,,LED_D3.0mm,LED,tht,True
39.697,159.779,0.0,top,D401,,LED_D3.0mm,LED,tht,True
49.862,159.779,0.0,top,D501,,LED_D3.0mm,LED,tht,True
70.182,159.779,0.0,top,D601,,LED_D3.0mm,LED,tht,True
80.337,159.779,0.0,top,D701,,LED_D3.0mm,LED,tht,True
90.497,159.779,0.0,top,D801,,LED_D3.0mm,LED,tht,True
100.657,159.779,0.0,top,D901,,LED_D3.0mm,LED,tht,True
198.96,29.731,0.0,top,J101,,PinHeader_2x05_P2.54mm_Vertical,SPI CONTROL,tht,True
119.712,167.399,90.0,top,J102,,PinHeader_2x15_P2.54mm_Vertical,Conn_02x15_Odd_Even,tht,True
170.512,167.399,90.0,top,J103,,PinHeader_2x15_P2.54mm_Vertical,Conn_02x15_Odd_Even,tht,True
18.112,167.399,90.0,top,J104,,PinHeader_2x15_P2.54mm_Vertical,Conn_02x15_Odd_Even,tht,True
68.912,167.399,90.0,top,J105,,PinHeader_2x15_P2.54mm_Vertical,Conn_02x15_Odd_Even,tht,True
13.607,43.955,-90.0,top,J106,,TE_MATE-N-LOK_350211-1_1x04_P5.08mm_Vertical,Conn_01x04_Pin,tht,True
113.362,70.879,90.0,top,K1001,,Relay_DPDT_Omron_G5V-2,941H-2C-12D,tht,True
113.362,58.179,90.0,top,K1101,,Relay_DPDT_Omron_G5V-2,941H-2C-12D,tht,True
138.762,70.879,90.0,top,K1201,,Relay_DPDT_Omron_G5V-2,941H-2C-12D,tht,True
138.7945,58.2265,90.0,top,K1301,,Relay_DPDT_Omron_G5V-2,941H-2C-12D,tht,True
164.162,70.879,90.0,top,K1401,,Relay_DPDT_Omron_G5V-2,941H-2C-12D,tht,True
164.162,58.179,90.0,top,K1501,,Relay_DPDT_Omron_G5V-2,941H-2C-12D,tht,True
189.562,70.879,90.0,top,K1601,,Relay_DPDT_Omron_G5V-2,941H-2C-12D,tht,True
189.562,58.179,90.0,top,K1701,,Relay_DPDT_Omron_G5V-2,941H-2C-12D,tht,True
11.762,70.879,90.0,top,K201,,Relay_DPDT_Omron_G5V-2,941H-2C-12D,tht,True
11.762,58.179,90.0,top,K301,,Relay_DPDT_Omron_G5V-2,941H-2C-12D,tht,True
37.1945,70.7143,90.0,top,K401,,Relay_DPDT_Omron_G5V-2,941H-2C-12D,tht,True
37.162,58.179,90.0,top,K501,,Relay_DPDT_Omron_G5V-2,941H-2C-12D,tht,True
62.562,70.879,90.0,top,K601,,Relay_DPDT_Omron_G5V-2,941H-2C-12D,tht,True
62.5945,58.2265,90.0,top,K701,,Relay_DPDT_Omron_G5V-2,941H-2C-12D,tht,True
87.9112,70.8282,90.0,top,K801,,Relay_DPDT_Omron_G5V-2,941H-2C-12D,tht,True
87.9183,58.3789,90.0,top,K901,,Relay_DPDT_Omron_G5V-2,941H-2C-12D,tht,True
194.388,46.495,90.0,top,Q101,,TO-92S,DTC124E,tht,True
186.768,46.495,90.0,top,Q102,,TO-92S,DTC124E,tht,True
120.982,153.429,180.0,top,R1001,,R_Axial_DIN0204_L3.6mm_D1.6mm_P7.62mm_Horizontal,10K,tht,True
109.432,145.809,0.0,top,R1002,,R_Axial_DIN0414_L11.9mm_D4.5mm_P20.32mm_Horizontal,200/1W,tht,True
180.931,8.336,90.0,top,R101,,R_Axial_DIN0204_L3.6mm_D1.6mm_P7.62mm_Horizontal,22K,tht,True
186.26,8.395,90.0,top,R102,,R_Axial_DIN0204_L3.6mm_D1.6mm_P7.62mm_Horizontal,22K,tht,True
175.681,8.395,90.0,top,R103,,R_Axial_DIN0204_L3.6mm_D1.6mm_P7.62mm_Horizontal,22K,tht,True
206.707,40.145,90.0,top,R104,,R_Axial_DIN0204_L3.6mm_D1.6mm_P7.62mm_Horizontal,10K,tht,True
204.294,40.145,180.0,top,R105,,R_Axial_DIN0204_L3.6mm_D1.6mm_P7.62mm_Horizontal,10K,tht,True
131.142,153.429,180.0,top,R1101,,R_Axial_DIN0204_L3.6mm_D1.6mm_P7.62mm_Horizontal,10K,tht,True
109.432,136.919,0.0,top,R1102,,R_Axial_DIN0414_L11.9mm_D4.5mm_P20.32mm_Horizontal,200/1W,tht,True
141.302,153.429,180.0,top,R1201,,R_Axial_DIN0204_L3.6mm_D1.6mm_P7.62mm_Horizontal,10K,tht,True
135.3926,145.809,0.0,top,R1202,,R_Axial_DIN0414_L11.9mm_D4.5mm_P20.32mm_Horizontal,200/1W,tht,True
151.462,153.429,180.0,top,R1301,,R_Axial_DIN0204_L3.6mm_D1.6mm_P7.62mm_Horizontal,10K,tht,True
135.3926,136.919,0.0,top,R1302,,R_Axial_DIN0414_L11.9mm_D4.5mm_P20.32mm_Horizontal,200/1W,tht,True
173.052,153.429,180.0,top,R1401,,R_Axial_DIN0204_L3.6mm_D1.6mm_P7.62mm_Horizontal,10K,tht,True
160.352,145.809,0.0,top,R1402,,R_Axial_DIN0414_L11.9mm_D4.5mm_P20.32mm_Horizontal,200/1W,tht,True
183.212,153.429,180.0,top,R1501,,R_Axial_DIN0204_L3.6mm_D1.6mm_P7.62mm_Horizontal,10K,tht,True
160.352,136.919,0.0,top,R1502,,R_Axial_DIN0414_L11.9mm_D4.5mm_P20.32mm_Horizontal,200/1W,tht,True
193.372,153.429,180.0,top,R1601,,R_Axial_DIN0204_L3.6mm_D1.6mm_P7.62mm_Horizontal,10K,tht,True
185.752,145.809,0.0,top,R1602,,R_Axial_DIN0414_L11.9mm_D4.5mm_P20.32mm_Horizontal,200/1W,tht,True
203.532,153.429,180.0,top,R1701,,R_Axial_DIN0204_L3.6mm_D1.6mm_P7.62mm_Horizontal,10K,tht,True
185.752,136.919,0.0,top,R1702,,R_Axial_DIN0414_L11.9mm_D4.5mm_P20.32mm_Horizontal,200/1W,tht,True
21.922,153.429,180.0,top,R201,,R_Axial_DIN0204_L3.6mm_D1.6mm_P7.62mm_Horizontal,10K,tht,True
7.952,145.809,0.0,top,R202,,R_Axial_DIN0414_L11.9mm_D4.5mm_P20.32mm_Horizontal,200/1W,tht,True
32.082,153.429,180.0,top,R301,,R_Axial_DIN0204_L3.6mm_D1.6mm_P7.62mm_Horizontal,10K,tht,True
7.952,136.919,0.0,top,R302,,R_Axial_DIN0414_L11.9mm_D4.5mm_P20.32mm_Horizontal,200/1W,tht,True
42.242,153.429,180.0,top,R401,,R_Axial_DIN0204_L3.6mm_D1.6mm_P7.62mm_Horizontal,10K,tht,True
33.1398,145.809,0.0,top,R402,,R_Axial_DIN0414_L11.9mm_D4.5mm_P20.32mm_Horizontal,200/1W,tht,True
52.402,153.429,180.0,top,R501,,R_Axial_DIN0204_L3.6mm_D1.6mm_P7.62mm_Horizontal,10K,tht,True
33.1398,136.919,0.0,top,R502,,R_Axial_DIN0414_L11.9mm_D4.5mm_P20.32mm_Horizontal,200/1W,tht,True
70.817,153.429,180.0,top,R601,,R_Axial_DIN0204_L3.6mm_D1.6mm_P7.62mm_Horizontal,10K,tht,True
58.752,145.854,0.0,top,R602,,R_Axial_DIN0414_L11.9mm_D4.5mm_P20.32mm_Horizontal,200/1W,tht,True
80.977,153.429,180.0,top,R701,,R_Axial_DIN0204_L3.6mm_D1.6mm_P7.62mm_Horizontal,10K,tht,True
58.752,136.964,0.0,top,R702,,R_Axial_DIN0414_L11.9mm_D4.5mm_P20.32mm_Horizontal,200/1W,tht,True
91.1878,153.429,180.0,top,R801,,R_Axial_DIN0204_L3.6mm_D1.6mm_P7.62mm_Horizontal,10K,tht,True
84.152,145.809,0.0,top,R802,,R_Axial_DIN0414_L11.9mm_D4.5mm_P20.32mm_Horizontal,200/1W,tht,True
101.2716,153.429,180.0,top,R901,,R_Axial_DIN0204_L3.6mm_D1.6mm_P7.62mm_Horizontal,10K,tht,True
84.1774,136.919,0.0,top,R902,,R_Axial_DIN0414_L11.9mm_D4.5mm_P20.32mm_Horizontal,200/1W,tht,True
145.112,24.524,0.0,top,RN101,,R_Array_SIP9,10K,tht,True
79.072,24.524,0.0,top,RN102,,R_Array_SIP9,10K,tht,True
112.092,13.094,90.0,top,SW101,,2MS1-T1-B4-VS2-Q-E-S,CH9,tht,True
119.712,13.094,90.0,top,SW102,,2MS1-T1-B4-VS2-Q-E-S,CH10,tht,True
127.332,13.094,90.0,top,SW103,,2MS1-T1-B4-VS2-Q-E-S,CH11,tht,True
134.952,13.094,90.0,top,SW104,,2MS1-T1-B4-VS2-Q-E-S,CH12,tht,True
145.112,13.094,90.0,top,SW105,,2MS1-T1-B4-VS2-Q-E-S,CH13,tht,True
152.732,13.094,90.0,top,SW106,,2MS1-T1-B4-VS2-Q-E-S,CH14,tht,True
160.352,13.094,90.0,top,SW107,,2MS1-T1-B4-VS2-Q-E-S,CH15,tht,True
167.972,13.094,90.0,top,SW108,,2MS1-T1-B4-VS2-Q-E-S,CH16,tht,True
46.052,13.094,90.0,top,SW109,,2MS1-T1-B4-VS2-Q-E-S,CH1,tht,True
53.672,13.094,90.0,top,SW110,,2MS1-T1-B4-VS2-Q-E-S,CH2,tht,True
61.292,13.094,90.0,top,SW111,,2MS1-T1-B4-VS2-Q-E-S,CH3,tht,True
68.912,13.094,90.0,top,SW112,,2MS1-T1-B4-VS2-Q-E-S,CH4,tht,True
79.072,13.094,90.0,top,SW113,,2MS1-T1-B4-VS2-Q-E-S,CH5,tht,True
86.692,13.094,90.0,top,SW114,,2MS1-T1-B4-VS2-Q-E-S,CH6,tht,True
94.312,13.094,90.0,top,SW115,,2MS1-T1-B4-VS2-Q-E-S,CH7,tht,True
101.932,13.094,90.0,top,SW116,,2MS1-T1-B4-VS2-Q-E-S,CH8,tht,True
145.112,42.304,90.0,top,U101,,DIP-18_W7.62mm_Socket,TBD62083A,tht,True
115.902,29.604,90.0,top,U102,,DIP-16_W7.62mm_Socket,74AHC595,tht,True
49.862,29.604,90.0,top,U103,,DIP-16_W7.62mm_Socket,74AHC595,tht,True
79.072,42.304,90.0,top,U104,,DIP-18_W7.62mm_Socket,TBD62083A,tht,True
145.112,29.604,90.0,top,U105,,DIP-20_W7.62mm_Socket,74HC540,tht,True
79.072,29.604,90.0,top,U106,,DIP-20_W7.62mm_Socket,74HC540,tht,True
