﻿designator,quantity,value,pack,mpn,mount_type
"C1001, C1101, C1201, C1301, C1401, C1501, C1601, C1701, C201, C301, C401, C501, C601, C701, C801, C901",16,3300u/50V,CP_Radial_D18.0mm_P7.50mm,,tht
"C101, C102, C104, C105, C106, C107",6,0.1u,C_Rect_L4.0mm_W2.5mm_P2.50mm,,tht
C103,1,1u,C_Rect_L4.0mm_W2.5mm_P2.50mm,,tht
"D1001, D1101, D1201, D1301, D1401, D1501, D1601, D1701, D201, D301, D401, D501, D601, D701, D801, D901",16,LED,LED_D3.0mm,,tht
D101,1,SPI Mode,LED_D3.0mm,,tht
J101,1,SPI CONTROL,PinHeader_2x05_P2.54mm_Vertical,,tht
"J102, J103, J104, J105",4,Conn_02x15_Odd_Even,PinHeader_2x15_P2.54mm_Vertical,,tht
J106,1,Conn_01x04_Pin,TE_MATE-N-LOK_350211-1_1x04_P5.08mm_Vertical,,tht
"K1001, K1101, K1201, K1301, K1401, K1501, K1601, K1701, K201, K301, K401, K501, K601, K701, K801, K901",16,941H-2C-12D,Relay_DPDT_Omron_G5V-2,,tht
"Q101, Q102",2,DTC124E,TO-92S,,tht
"R1001, R104, R105, R1101, R1201, R1301, R1401, R1501, R1601, R1701, R201, R301, R401, R501, R601, R701, R801, R901",18,10K,R_Axial_DIN0204_L3.6mm_D1.6mm_P7.62mm_Horizontal,,tht
"R1002, R1102, R1202, R1302, R1402, R1502, R1602, R1702, R202, R302, R402, R502, R602, R702, R802, R902",16,200/1W,R_Axial_DIN0414_L11.9mm_D4.5mm_P20.32mm_Horizontal,,tht
"R101, R102, R103",3,22K,R_Axial_DIN0204_L3.6mm_D1.6mm_P7.62mm_Horizontal,,tht
"RN101, RN102",2,10K,R_Array_SIP9,,tht
SW101,1,CH9,2MS1-T1-B4-VS2-Q-E-S,,tht
SW102,1,CH10,2MS1-T1-B4-VS2-Q-E-S,,tht
SW103,1,CH11,2MS1-T1-B4-VS2-Q-E-S,,tht
SW104,1,CH12,2MS1-T1-B4-VS2-Q-E-S,,tht
SW105,1,CH13,2MS1-T1-B4-VS2-Q-E-S,,tht
SW106,1,CH14,2MS1-T1-B4-VS2-Q-E-S,,tht
SW107,1,CH15,2MS1-T1-B4-VS2-Q-E-S,,tht
SW108,1,CH16,2MS1-T1-B4-VS2-Q-E-S,,tht
SW109,1,CH1,2MS1-T1-B4-VS2-Q-E-S,,tht
SW110,1,CH2,2MS1-T1-B4-VS2-Q-E-S,,tht
SW111,1,CH3,2MS1-T1-B4-VS2-Q-E-S,,tht
SW112,1,CH4,2MS1-T1-B4-VS2-Q-E-S,,tht
SW113,1,CH5,2MS1-T1-B4-VS2-Q-E-S,,tht
SW114,1,CH6,2MS1-T1-B4-VS2-Q-E-S,,tht
SW115,1,CH7,2MS1-T1-B4-VS2-Q-E-S,,tht
SW116,1,CH8,2MS1-T1-B4-VS2-Q-E-S,,tht
"U101, U104",2,TBD62083A,DIP-18_W7.62mm_Socket,,tht
"U102, U103",2,74AHC595,DIP-16_W7.62mm_Socket,,tht
"U105, U106",2,74HC540,DIP-20_W7.62mm_Socket,,tht
